B11,B12,B2,B3,B4,B5,B6,B8,BSI,BSI_Mean,Clay_Ratio,MNDWI,MNDWI_Variance,NDTI,NDVI,NDVI_Entropy,NDVI_Variance,NDWI,actual_date,days_diff,lat,lon,target_date
218.0,159.0,799.0,953.0,846.0,813.0,548.0,509.0,-0.1028667762875557,-0.10288211703300476,1.371069182389937,0.6276686787605286,0.00012784021133037548,0.15649867374005305,-0.24870848655700684,0.964962899684906,5.924132012284181e-05,0.3036935704514364,2021-11-15,0.0007977383333333334,26.47715497,88.26720698,2021-11-16
236.0,183.0,719.0,915.0,730.0,670.0,419.0,456.0,-0.09761793911457062,-0.11594286561012268,1.289617486338798,0.5899218320846558,0.001533444740001894,0.12649164677804295,-0.23102866113185883,1.8891592025756836,0.0007534141405500424,0.3347921225382932,2021-11-15,0.0007977383333333334,26.45834799,88.24381904,2021-11-16
696.0,653.0,760.0,907.0,785.0,821.0,661.0,518.0,0.073577381670475,-0.05821862444281578,1.0658499234303216,0.13162820041179657,0.05052049401547635,0.03187546330615271,-0.2049117386341095,2.043191909790039,0.010532075975711477,0.2729824561403509,2021-11-15,0.0007977383333333334,26.46193603,88.246444,2021-11-16
746.0,386.0,606.0,816.0,647.0,802.0,1041.0,1803.0,-0.26722776889801025,-0.13587407767772675,1.932642487046632,0.0448143407702446,0.035966772623213794,0.31802120141342755,0.47183674573898315,2.1972246170043945,0.08902708317527071,-0.3768613974799542,2021-11-15,0.0007977383333333334,26.49205397,88.30668901,2021-11-16
587.0,409.0,722.0,861.0,711.0,817.0,845.0,679.0,-0.03816228359937668,-0.10729831457138062,1.43520782396088,0.18922652304172516,0.07387714037191856,0.178714859437751,-0.023021582514047623,2.1972246170043945,0.08243763492267306,0.11818181818181818,2021-11-15,0.0007977383333333334,26.49476401,88.30712898,2021-11-16
246.0,219.0,796.0,960.0,868.0,848.0,541.0,465.0,-0.0618947371840477,-0.07876423001289368,1.1232876712328768,0.5920398235321045,0.000281550507604194,0.05806451612903226,-0.302325576543808,1.5810937881469727,0.0004138974769253166,0.3473684210526316,2021-11-15,0.0007977383333333334,26.46885403,88.25479799,2021-11-16
268.0,207.0,837.0,1000.0,891.0,896.0,597.0,502.0,-0.07205764949321747,-0.08356817066669464,1.2946859903381642,0.5772870779037476,0.00022317648617094696,0.12842105263157894,-0.27925342321395874,1.4270610809326172,0.0005612912799140125,0.33155792276964047,2021-11-15,0.0007977383333333334,26.46991803,88.25588303,2021-11-16
207.0,179.0,792.0,947.0,823.0,885.0,572.0,489.0,-0.10861098766326904,-0.09529635310173035,1.1564245810055866,0.6412478089332581,0.0002943172327948397,0.07253886010362694,-0.25457316637039185,1.3107836246490479,0.00036887544390185045,0.318941504178273,2021-11-15,0.0007977383333333334,26.47227997,88.259186,2021-11-16
195.0,173.0,766.0,954.0,806.0,787.0,499.0,464.0,-0.10264455527067184,-0.10918669402599335,1.1271676300578035,0.6605744361877441,0.00017941368346827445,0.059782608695652176,-0.26929134130477905,1.3107836246490479,0.0002247845078322788,0.3455571227080395,2021-11-15,0.0007977383333333334,26.43763798,88.21507196,2021-11-16
203.0,150.0,783.0,916.0,798.0,750.0,500.0,468.0,-0.11101243644952774,-0.1130438819527626,1.3533333333333333,0.6371760368347168,0.00021913803728073548,0.1501416430594901,-0.2606635093688965,1.214889645576477,0.0001017693798361795,0.3236994219653179,2021-11-15,0.0007977383333333334,26.44535503,88.229618,2021-11-16
705.0,522.0,769.0,927.0,756.0,805.0,794.0,633.0,0.020607754588127136,-0.0069066984578967094,1.3505747126436782,0.1360294073820114,0.070139151236676,0.1491442542787286,-0.08855291455984116,2.1972246170043945,0.03949905520879565,0.18846153846153846,2021-11-15,0.0007977383333333334,26.44677401,88.23098601,2021-11-16
353.0,241.0,766.0,917.0,761.0,698.0,459.0,431.0,-0.03591518849134445,-0.012557371519505978,1.4647302904564314,0.4440944790840149,0.051914641399156594,0.18855218855218855,-0.27684563398361206,1.6769877672195435,0.006087798081588418,0.36053412462908013,2021-11-15,0.0007977383333333334,26.44877804,88.23448302,2021-11-16
313.0,271.0,796.0,980.0,822.0,761.0,537.0,483.0,-0.05965203046798706,-0.08435123413801193,1.154981549815498,0.5158545970916748,0.00253895605100713,0.07191780821917808,-0.25977012515068054,1.4270610809326172,0.00031833166881635303,0.3397129186602871,2021-11-15,0.0007977383333333334,26.43718603,88.21010099,2021-11-16
328.0,280.0,825.0,995.0,871.0,826.0,582.0,490.0,-0.0461416058242321,-0.05856281891465187,1.1714285714285715,0.5041572451591492,0.0033724744213719207,0.07894736842105263,-0.27994123101234436,1.7351264953613281,0.0012336803532810858,0.3400673400673401,2021-11-15,0.0007977383333333334,26.47462598,88.262882,2021-11-16
522.0,445.0,810.0,945.0,847.0,887.0,672.0,504.0,0.020499441772699356,-0.016388924792408943,1.1730337078651685,0.28834354877471924,0.053227530310554126,0.0796277145811789,-0.25388601422309875,1.7351264953613281,0.023998834436899374,0.30434782608695654,2021-11-15,0.0007977383333333334,26.43804199,88.22248802,2021-11-16
233.0,195.0,821.0,971.0,830.0,789.0,506.0,455.0,-0.09106455743312836,-0.06682641804218292,1.1948717948717948,0.6129568219184875,0.0016307714449928944,0.08878504672897196,-0.29182878136634827,1.2730283737182617,8.785415640681175e-05,0.36185133239831696,2021-11-15,0.0007977383333333334,26.44168904,88.22719697,2021-11-16
199.0,183.0,788.0,987.0,841.0,776.0,509.0,428.0,-0.07801418751478195,-0.08220577239990234,1.0874316939890711,0.6644182205200195,0.0006215921842880334,0.041884816753926704,-0.32545310258865356,0.9368883371353149,0.0002457634814992085,0.3950530035335689,2021-11-15,0.0007977383333333334,26.44097297,88.22670504,2021-11-16
1867.0,1754.0,902.0,1104.0,1017.0,1537.0,1520.0,1150.0,0.1685575395822525,0.02547956444323063,1.0644241733181299,-0.2568158805370331,0.05888931269507474,0.031206848936757802,0.061375174671411514,2.043191909790039,0.029537773197602053,-0.02040816326530612,2021-11-15,0.0007977383333333334,26.43895201,88.22440504,2021-11-16
376.0,269.0,818.0,944.0,968.0,962.0,739.0,803.0,-0.0934232696890831,-0.049107059836387634,1.3977695167286246,0.43030303716659546,0.03495031593333277,0.16589147286821707,-0.09316769987344742,1.7351264953613281,0.004936296443416261,0.08070978820835718,2021-11-15,0.0007977383333333334,26.49731998,88.31488199,2021-11-16
376.0,269.0,818.0,944.0,968.0,962.0,739.0,803.0,-0.0934232696890831,-0.049107059836387634,1.3977695167286246,0.43030303716659546,0.03495031593333277,0.16589147286821707,-0.09316769987344742,1.7351264953613281,0.004936296443416261,0.08070978820835718,2021-11-15,0.0007977383333333334,26.49731998,88.31488199,2021-11-16
1586.0,873.0,696.0,863.0,690.0,1111.0,1926.0,1644.0,-0.013864818029105663,-0.1143607348203659,1.8167239404352806,-0.29522255063056946,0.1268516964691672,0.28995526636844243,0.408740371465683,2.1972246170043945,0.1101594158606879,-0.31152772237734344,2021-11-15,0.0007977383333333334,26.49132198,88.30675296,2021-11-16
125.0,139.0,734.0,871.0,781.0,711.0,430.0,435.0,-0.1267469823360443,-0.12040185183286667,0.8992805755395683,0.7489959597587585,0.0013493760334148458,-0.05303030303030303,-0.28453946113586426,1.1490596532821655,0.00010279073432152409,0.333843797856049,2021-11-15,0.0007977383333333334,26.48742699,88.30671902,2021-11-16
170.0,132.0,743.0,879.0,778.0,760.0,459.0,407.0,-0.09628217667341232,-0.09167123585939407,1.2878787878787878,0.6758818030357361,0.001738094885906162,0.12582781456953643,-0.31308016180992126,1.2730283737182617,8.465824777995994e-05,0.36702954898911355,2021-11-15,0.0007977383333333334,26.48652803,88.30663302,2021-11-16
273.0,208.0,756.0,921.0,782.0,775.0,569.0,536.0,-0.10097997635602951,-0.0928010642528534,1.3125,0.5427135825157166,0.0008350828785871221,0.13513513513513514,-0.18664643168449402,1.7351264953613281,0.0005799905671018278,0.26424159231297184,2021-11-15,0.0007977383333333334,26.49021599,88.29519197,2021-11-16
236.0,189.0,821.0,969.0,847.0,818.0,566.0,524.0,-0.1079077422618866,-0.10527866333723068,1.2486772486772486,0.6082987785339355,8.214211161927665e-06,0.11058823529411765,-0.23559445142745972,1.522955060005188,0.00011243222073790508,0.29805760214333554,2021-11-15,0.0007977383333333334,26.47997104,88.27374796,2021-11-16
272.0,187.0,787.0,956.0,822.0,751.0,486.0,514.0,-0.08643006533384323,0.01566082239151001,1.4545454545454546,0.5570032596588135,0.08019062767114847,0.18518518518518517,-0.23053891956806183,1.6769877672195435,0.004883580765570112,0.3006802721088435,2021-11-15,0.0007977383333333334,26.444644,88.22908902,2021-11-16
286.0,215.0,781.0,951.0,832.0,842.0,566.0,540.0,-0.08323083072900772,-0.1032935380935669,1.330232558139535,0.5375909209251404,0.0014218447179575754,0.14171656686626746,-0.21282799541950226,1.6769877672195435,0.00024926280668195896,0.27565392354124746,2021-11-15,0.0007977383333333334,26.48028703,88.26862402,2021-11-16
244.0,252.0,807.0,958.0,883.0,848.0,604.0,489.0,-0.06974824517965317,-0.06147361546754837,0.9682539682539683,0.5940099954605103,0.00967297584973951,-0.016129032258064516,-0.28717201948165894,1.8891592025756836,0.0047021969558981675,0.32411886662059436,2021-11-15,0.0007977383333333334,26.46681799,88.25216196,2021-11-16
285.0,229.0,874.0,1017.0,1028.0,1113.0,903.0,907.0,-0.15126051008701324,-0.13828317821025848,1.244541484716157,0.5622119903564453,0.00113014877034143,0.10894941634241245,-0.06253229826688766,1.8891592025756836,0.0019029803072234505,0.057172557172557176,2021-11-15,0.0007977383333333334,26.48078903,88.26961904,2021-11-16
212.0,197.0,769.0,940.0,808.0,783.0,551.0,496.0,-0.10722100734710693,-0.08437486737966537,1.0761421319796953,0.6319444179534912,0.004069057341678,0.03667481662591687,-0.23926380276679993,1.8891592025756836,0.000556166100563909,0.30919220055710306,2021-11-15,0.0007977383333333334,26.46543397,88.250213,2021-11-16
168.0,136.0,754.0,912.0,770.0,731.0,455.0,438.0,-0.11924882978200912,-0.12275700271129608,1.2352941176470589,0.6888889074325562,0.00020498482739355554,0.10526315789473684,-0.27483442425727844,1.4648163318634033,0.00012195754877324876,0.3511111111111111,2021-11-15,0.0007977383333333334,26.45419098,88.24226998,2021-11-16
174.0,138.0,767.0,905.0,765.0,719.0,457.0,443.0,-0.1261051595211029,-0.11058804392814636,1.2608695652173914,0.6774791479110718,0.001537584009398913,0.11538461538461539,-0.2665562927722931,1.3689223527908325,0.00013319411644515297,0.3427299703264095,2021-11-15,0.0007977383333333334,26.45176501,88.24002799,2021-11-16
688.0,495.0,752.0,935.0,758.0,798.0,730.0,512.0,0.06715866923332214,-0.05569740757346153,1.38989898989899,0.1521873027086258,0.046266013018186,0.16314454775993237,-0.19370079040527344,1.7351264953613281,0.014164990631498084,0.2923289564616448,2021-11-15,0.0007977383333333334,26.447967,88.23284998,2021-11-16
224.0,173.0,818.0,978.0,882.0,848.0,527.0,466.0,-0.07447698712348938,-0.07766374945640564,1.2947976878612717,0.6272878646850586,0.0003910581025203561,0.12846347607052896,-0.3086053431034088,0.6365141868591309,1.0867085239859206e-05,0.3545706371191136,2021-11-15,0.0017977383333333335,26.37092097,88.13649899,2021-11-17
926.0,975.0,885.0,1090.0,987.0,1223.0,986.0,590.0,0.12927980720996857,0.009411207400262356,0.9497435897435897,0.0813492089509964,0.041779737024734094,-0.025775907417148868,-0.2517438232898712,1.7351264953613281,0.011339346328208568,0.2976190476190476,2021-11-15,0.0017977383333333335,26.36474904,88.12941603,2021-11-17
207.0,156.0,822.0,966.0,920.0,880.0,581.0,489.0,-0.07547169923782349,-0.07719458639621735,1.3269230769230769,0.6470588445663452,0.0001827160486549653,0.14049586776859505,-0.3058907091617584,1.214889645576477,6.883612381179837e-05,0.32783505154639175,2021-11-15,0.0017977383333333335,26.34102196,88.10750901,2021-11-17
285.0,205.0,854.0,1058.0,905.0,856.0,610.0,547.0,-0.08143573999404907,-0.07418759912252426,1.3902439024390243,0.5755770802497864,5.787385184508054e-05,0.16326530612244897,-0.24655647575855255,1.2730283737182617,6.208226345975436e-05,0.318380062305296,2021-11-20,0.002202278113425926,26.24727599,88.00648302,2021-11-18
2806.0,1901.0,816.0,1200.0,1292.0,1817.0,2475.0,2886.0,0.05076923221349716,0.06156108155846596,1.4760652288269331,-0.40089866518974304,0.0009336002713285928,0.19226683662630126,0.3815222680568695,1.6769877672195435,0.0014671618846420949,-0.41262848751835535,2021-11-20,0.002202310023148148,26.24630604,87.945,2021-11-18
256.0,184.0,863.0,1066.0,969.0,900.0,627.0,535.0,-0.0659550130367279,-0.07188841700553894,1.391304347826087,0.6127080321311951,4.5993518883038734e-05,0.16363636363636364,-0.2885638177394867,1.2730283737182617,8.222326114985339e-05,0.3316677076826983,2021-11-20,0.002202278113425926,26.24535997,88.00239902,2021-11-18
242.0,187.0,830.0,1058.0,932.0,911.0,625.0,546.0,-0.07921568304300308,-0.078786201775074,1.2941176470588236,0.6276922821998596,5.68023678582108e-06,0.1282051282051282,-0.26116374135017395,1.011404275894165,7.108194325640878e-05,0.3192019950124688,2021-11-20,0.002202278113425926,26.24476897,88.00136201,2021-11-18
256.0,177.0,776.0,987.0,883.0,843.0,560.0,508.0,-0.05984317138791084,-0.06066816300153732,1.4463276836158192,0.5880933403968811,6.468868935785268e-05,0.18244803695150116,-0.26959022879600525,0.964962899684906,2.1844611774716565e-05,0.3204013377926421,2021-11-20,0.002202310023148148,26.24328,88.00054796,2021-11-18
217.0,188.0,808.0,1005.0,900.0,846.0,487.0,448.0,-0.05857564136385918,-0.005732973571866751,1.1542553191489362,0.6448445320129395,0.028311874048899604,0.07160493827160494,-0.33531156182289124,1.1490596532821655,0.00015370974112480538,0.383344803854095,2021-11-18,0.0007906519560185185,26.01919401,87.84528502,2021-11-19
223.0,188.0,908.0,1114.0,1040.0,1050.0,632.0,553.0,-0.07268722355365753,-0.07313064485788345,1.1861702127659575,0.6664173603057861,7.973197276372406e-05,0.0851581508515815,-0.30571249127388,1.214889645576477,8.314374640849831e-05,0.33653269346130776,2021-11-15,0.004797534085648148,25.86500304,87.80842602,2021-11-20
170.0,121.0,935.0,1184.0,988.0,939.0,565.0,483.0,-0.10093167424201965,-0.09834885597229004,1.4049586776859504,0.7488921880722046,2.7107414605135698e-05,0.16838487972508592,-0.3433038890361786,1.2730283737182617,0.00010151475093383371,0.4205158968206359,2021-11-30,0.007202478495370371,25.43078198,87.76643001,2021-11-23
198.0,148.0,962.0,1212.0,1005.0,918.0,514.0,496.0,-0.09582863748073578,-0.08701454102993011,1.337837837837838,0.7191489338874817,0.00016691267157625193,0.14450867052023122,-0.3391072750091553,1.002718210220337,9.174667451514494e-05,0.41920374707259955,2021-11-30,0.007202478495370371,25.42959896,87.76606799,2021-11-23
295.0,205.0,993.0,1208.0,1044.0,973.0,641.0,461.0,-0.04117436334490776,-0.06380511820316315,1.4390243902439024,0.6074517369270325,0.003422268218172005,0.18,-0.3873754143714905,1.831020474433899,0.0004234528327654709,0.4475733972438586,2021-11-30,0.007202478495370371,25.428958,87.76604502,2021-11-23
173.0,125.0,986.0,1230.0,1028.0,989.0,570.0,477.0,-0.09834834933280945,-0.08880789577960968,1.384,0.753385603427887,3.91505645751522e-05,0.1610738255033557,-0.36611294746398926,1.4270610809326172,0.00010341661246856167,0.44112478031634444,2021-11-30,0.007202478495370371,25.42790498,87.76583799,2021-11-23
173.0,125.0,986.0,1230.0,1028.0,989.0,570.0,477.0,-0.09834834933280945,-0.08880789577960968,1.384,0.753385603427887,3.91505645751522e-05,0.1610738255033557,-0.36611294746398926,1.4270610809326172,0.00010341661246856167,0.44112478031634444,2021-11-30,0.007202478495370371,25.4279,87.76584,2021-11-23
264.0,211.0,1056.0,1332.0,1136.0,1115.0,727.0,615.0,-0.08824487030506134,-0.09546583145856857,1.2511848341232228,0.6691729426383972,0.00026932843190360006,0.11157894736842106,-0.2975442707538605,0.5297061800956726,2.3315206149140028e-05,0.3682588597842835,2021-11-30,0.0052024784953703706,25.24124402,87.86061502,2021-11-25
2568.0,2227.0,1308.0,1512.0,1776.0,2004.0,1846.0,1806.0,0.16492357850074768,0.13003583252429962,1.1531207903008531,-0.25882354378700256,0.0013665973641307813,0.07111574556830032,0.008375209756195545,2.043191909790039,0.0005439496125200972,-0.08860759493670886,2022-01-26,0.0022301820717592594,26.161266,78.760793,2022-01-24
1837.0,1707.0,1182.0,1274.0,1190.0,2042.0,2002.0,1571.0,0.04740484431385994,0.005798807833343744,1.076157000585823,-0.18097074329853058,0.0057977781163018145,0.03668171557562077,0.1379934847354889,1.8891592025756836,0.0007819989740161453,-0.10439367311072056,2022-01-26,0.0012303482291666666,26.107978,78.688301,2022-01-25
2837.0,2225.0,1104.0,1474.0,1624.0,1984.0,2520.0,2814.0,0.06480486690998077,0.05683349072933197,1.2750561797752809,-0.316167950630188,0.0003236641860671321,0.12090082971157645,0.2681387960910797,1.7351264953613281,0.0020263509661388518,-0.3125,2022-01-26,0.0012301820717592594,26.11293,78.697848,2022-01-25
2677.0,2225.0,886.0,1290.0,1332.0,1747.0,2253.0,2754.0,0.04824160039424896,0.07476130872964859,1.2031460674157304,-0.3496344983577728,0.002609906938765283,0.09220726234190127,0.3480176329612732,2.043191909790039,0.0053060800359453365,-0.3620178041543027,2022-01-26,0.0017696469791666667,25.875422,78.419653,2022-01-28
3370.0,3213.0,1506.0,1816.0,2202.0,2538.0,2882.0,2806.0,0.12747874855995178,0.06497824937105179,1.0488639900404606,-0.29965290427207947,0.007810124318810933,0.02384930882576333,0.12060702592134476,1.3107836246490479,0.00012680615636549554,-0.21419299004759845,2022-01-26,0.0017696469791666667,25.923365,78.472876,2022-01-28
733.0,570.0,511.0,709.0,652.0,593.0,599.0,837.0,0.013538236729800701,0.07473277300596237,1.2859649122807018,-0.016643550246953964,0.011997545911421733,0.12509593246354567,0.12424445897340775,1.8891592025756836,0.0007011275596197569,-0.08279430789133248,2022-01-31,0.002230417511574074,25.796674,78.347624,2022-01-29
392.0,310.0,352.0,566.0,368.0,341.0,258.0,260.0,0.10787171870470047,0.11821461468935013,1.264516129032258,0.18162839114665985,0.0632226433593581,0.1168091168091168,-0.1719745248556137,2.043191909790039,0.012786652315621452,0.3704600484261501,2022-01-31,0.001230417511574074,25.738613,78.202066,2022-01-30
375.0,294.0,839.0,1006.0,762.0,809.0,585.0,345.0,-0.02024989202618599,-0.0543980672955513,1.2755102040816326,0.4569152891635895,0.003372570216307411,0.1210762331838565,-0.3766937553882599,2.043191909790039,0.007098576468392268,0.48926720947446334,2023-02-06,0.0012094041782407406,25.70309099,86.54292704,2023-02-05
85.0,134.0,476.0,784.0,434.0,471.0,0.0,0.0,0.04321607947349548,0.05473820120096207,0.6343283582089553,0.8043728470802307,2.771086629513617e-05,-0.2237442922374429,-1.0,0.0,0.0,1.0,2023-02-11,0.0022093558333333334,25.42146198,87.06254804,2023-02-09
85.0,134.0,476.0,784.0,434.0,471.0,0.0,0.0,0.04321607947349548,0.05473820120096207,0.6343283582089553,0.8043728470802307,2.771086629513617e-05,-0.2237442922374429,-1.0,0.0,0.0,1.0,2023-02-11,0.0022093558333333334,25.42146198,87.06254804,2023-02-09
85.0,134.0,476.0,784.0,434.0,471.0,0.0,0.0,0.04321607947349548,0.05473820120096207,0.6343283582089553,0.8043728470802307,2.771086629513617e-05,-0.2237442922374429,-1.0,0.0,0.0,1.0,2023-02-11,0.0022093558333333334,25.42146198,87.06254804,2023-02-09
85.0,134.0,476.0,784.0,434.0,471.0,0.0,0.0,0.04321607947349548,0.05473820120096207,0.6343283582089553,0.8043728470802307,2.771086629513617e-05,-0.2237442922374429,-1.0,0.0,0.0,1.0,2023-02-11,0.0022093558333333334,25.42146198,87.06254804,2023-02-09
3923.0,3958.0,1274.0,1898.0,2634.0,2984.0,3041.0,3208.0,0.18796992301940918,0.170501708984375,0.9911571500757959,-0.3478783667087555,0.0002702642343136441,-0.004441060779088948,0.09825402498245239,0.6869615912437439,2.738292963376675e-05,-0.2565609087348218,2023-02-13,0.0022371610300925926,26.230972,77.143682,2023-02-11
3820.0,3797.0,1400.0,1868.0,2364.0,2683.0,2803.0,2918.0,0.17768044769763947,0.1668924242258072,1.0060574137476956,-0.3431786298751831,0.0004901918864123549,0.003019561507155048,0.10488451272249222,0.6365141868591309,2.1454586948145406e-05,-0.21938988717091518,2023-02-13,0.0012371610300925926,26.358585,77.392398,2023-02-12
2303.0,2078.0,1014.0,1534.0,1942.0,2266.0,2210.0,2454.0,0.1007390096783638,0.1179938092827797,1.1082771896053898,-0.20041699707508087,0.002052528299038187,0.051358137411549876,0.11646951735019684,1.2730283737182617,0.00011311256796226527,-0.23069207622868607,2023-02-13,0.0012371610300925926,26.361257,77.422959,2023-02-12
3762.0,3720.0,1448.0,1998.0,2536.0,2629.0,2774.0,3116.0,0.15963910520076752,0.17119504511356354,1.011290322580645,-0.3062500059604645,0.0002776399970636994,0.0056134723336006415,0.10261854529380798,0.6869615912437439,1.801977620331642e-05,-0.2186155651153696,2023-02-13,0.0012371610300925926,26.358539,77.395728,2023-02-12
3777.0,3840.0,1378.0,1936.0,2580.0,2871.0,3041.0,3144.0,0.1686735898256302,0.16572250425815582,0.98359375,-0.3222475051879883,0.00011856958973800581,-0.008270972823946435,0.09853249788284302,0.9368883371353149,2.216199293281207e-05,-0.2377952755905512,2023-02-13,0.0002371610300925926,26.402921,77.447971,2023-02-13
4114.0,4067.0,1476.0,2060.0,2654.0,3081.0,3122.0,3164.0,0.1865357607603073,0.1741521656513214,1.011556429800836,-0.3326854407787323,0.0007179972660446134,0.0057450189463390785,0.08765898644924164,0.964962899684906,3.5069835511683215e-05,-0.2113323124042879,2023-02-13,0.0007628389699074074,26.608492,77.847149,2023-02-14
2944.0,3029.0,1144.0,1644.0,2214.0,2519.0,2584.0,2722.0,0.14317375421524048,0.12841908633708954,0.9719379333113238,-0.28334787487983704,0.004494386522808375,-0.014230704838439644,0.10291734337806702,1.6769877672195435,0.0008791131920925279,-0.24690792487402657,2023-02-13,0.0007628389699074074,26.658222,77.907204,2023-02-14
2822.0,2550.0,1202.0,1714.0,2152.0,2329.0,2340.0,2532.0,0.14239779114723206,0.1525105983018875,1.1066666666666667,-0.24426807463169098,0.00026140267411193613,0.05063291139240506,0.08112724125385284,1.002718210220337,5.359528764946485e-05,-0.19265190767781443,2023-02-13,0.0007628389699074074,26.660192,77.950878,2023-02-14
846.0,690.0,650.0,1190.0,1060.0,1024.0,532.0,761.0,0.14923124015331268,0.21037046611309052,1.2260869565217392,0.16895873844623566,0.028767644373131316,0.1015625,-0.1641954928636551,2.043191909790039,0.03870403165311977,0.21988723731419785,2023-02-15,0.0012302511342592592,26.663009,77.966385,2023-02-14
4177.0,4049.0,1714.0,2474.0,3328.0,3346.0,3444.0,3803.0,0.15266472101211548,0.160885751247406,1.0316127438873797,-0.2560517191886902,0.0014554482656637083,0.015560418186238755,0.06661057472229004,1.3107836246490479,9.634623459459091e-05,-0.2117253465031066,2023-02-15,0.001230216886574074,26.683609,78.093335,2023-02-14
3025.0,2309.0,442.0,772.0,1220.0,1497.0,1648.0,2042.0,0.2617030739784241,0.26284465193748474,1.3100909484625378,-0.5933631658554077,0.00028431416786636434,0.13423322084739409,0.2519926428794861,1.6769877672195435,0.0003705360296557054,-0.4513148542999289,2023-04-25,0.0012165761342592593,24.98539879,84.281991086909,2023-04-24
1362.0,1127.0,2038.0,2042.0,1776.0,1747.0,1419.0,1312.0,-0.03267570957541466,-0.019285624846816063,1.2085181898846495,0.19976498186588287,7.686846790429709e-05,0.09441542788268381,-0.15025906264781952,0.964962899684906,5.3090942458212785e-05,0.21765056648777578,2023-05-18,0.0017770467708333332,28.16910197,81.08336904,2023-05-20
1266.0,1104.0,656.0,1294.0,1266.0,1340.0,804.0,856.0,0.25222551822662354,0.2453550398349762,1.1467391304347827,0.010937499813735485,0.0003534050470398091,0.06835443037974684,-0.19321395456790924,1.6769877672195435,0.0003648074932855029,0.20372093023255813,2023-05-23,0.0012231012037037037,27.2837,81.42375302,2023-05-22
1330.0,1182.0,882.0,1499.0,1409.0,1455.0,864.0,991.0,0.1877710372209549,0.1953493058681488,1.125211505922166,0.05973842367529869,0.0002772933382771843,0.0589171974522293,-0.17416666448116302,1.6769877672195435,0.00029821944362920207,0.20401606425702812,2023-05-23,0.0012231012037037037,27.27556301,81.42106502,2023-05-22
2668.0,1990.0,217.0,839.0,1015.0,1694.0,2326.0,1772.0,0.2986600995063782,0.20170827209949493,1.3407035175879396,-0.5215283632278442,0.025135298889896567,0.1455560326320309,0.27161821722984314,2.1972246170043945,0.03706395916836627,-0.35733435465338953,2023-05-23,0.0012231012037037037,27.18936503,81.48582696,2023-05-22
1393.0,1237.0,758.0,1296.0,1215.0,1363.0,923.0,954.0,0.2074074000120163,0.2273867428302765,1.126111560226354,-0.03607289120554924,9.167418652849945e-05,0.05931558935361217,-0.12033195048570633,1.522955060005188,0.00017727620970105063,0.152,2023-05-23,0.0012231012037037037,27.30165403,81.40338499,2023-05-22
1330.0,1182.0,882.0,1499.0,1409.0,1455.0,864.0,991.0,0.1877710372209549,0.1953493058681488,1.125211505922166,0.05973842367529869,0.0002772933382771843,0.0589171974522293,-0.17416666448116302,1.6769877672195435,0.00029821944362920207,0.20401606425702812,2023-05-23,0.0012231012037037037,27.27556301,81.42106502,2023-05-22
1246.0,1122.0,709.0,1255.0,1240.0,1342.0,865.0,920.0,0.20826245844364166,0.21543152630329132,1.1105169340463459,0.003598560579121113,9.197057828084526e-05,0.052364864864864864,-0.14814814925193787,1.8891592025756836,0.0004377197724413547,0.15402298850574714,2023-05-23,0.0012231012037037037,27.35596499,81.38454004,2023-05-22
,,,,,,,,,,,,,,,,,,2023-05-28,0.001223242465277778,26.50495598,82.93817198,2023-05-27
,,,,,,,,,,,,,,,,,,2023-05-28,0.001223242465277778,26.50445902,82.93898402,2023-05-27
,,,,,,,,,,,,,,,,,,2023-05-28,0.001223242465277778,26.50495598,82.93817198,2023-05-27
7778.0,7159.0,2164.0,3516.0,5092.0,5690.0,5796.0,5980.0,0.22489768266677856,0.22322645783424377,1.08646459002654,-0.3773685097694397,3.616010374709846e-06,0.04144071768092656,0.08020231127738953,0.6869615912437439,3.869809546493593e-06,-0.2594776748104465,2023-05-29,0.0013771092592592593,26.39364699,26.39364699,2023-05-28
557.0,513.0,1482.0,1710.0,1322.0,1287.0,801.0,616.0,-0.055066633969545364,-0.056311290711164474,1.0857699805068226,0.5086016654968262,1.2546613095724505e-05,0.041121495327102804,-0.36429309844970703,1.3107836246490479,0.0003018311524935048,0.470335339638865,2023-05-30,0.002216309548611111,26.28382201,83.413791,2023-05-28
629.0,516.0,1126.0,1376.0,1093.0,1110.0,805.0,650.0,-0.015437392517924309,-0.009385482408106327,1.2189922480620154,0.3725685775279999,6.359829026130686e-05,0.09868995633187773,-0.25415948033332825,0.8486855626106262,4.394034954696085e-05,0.3583415597235933,2023-05-30,0.002216309548611111,26.26009,83.42750003,2023-05-28
625.0,540.0,1080.0,1400.0,1063.0,1076.0,777.0,620.0,-0.0035419126506894827,-0.016330305486917496,1.1574074074074074,0.3827160596847534,0.00016345637960749984,0.07296137339055794,-0.2632204294204712,1.522955060005188,0.0001864896787322243,0.38613861386138615,2023-05-30,0.002216309548611111,26.25990702,83.42935796,2023-05-28
374.0,338.0,852.0,1052.0,756.0,759.0,401.0,309.0,-0.013531208969652653,0.017964309081435204,1.106508875739645,0.4754558205604553,0.00010391224682266337,0.05056179775280899,-0.41971829533576965,1.5810937881469727,0.0006109202894024365,0.5459221160911095,2023-05-30,0.0012163095486111112,26.270301,83.706592,2023-05-29
872.0,799.0,812.0,1174.0,1014.0,1044.0,443.0,436.0,0.20357370376586914,0.19269190728664398,1.0913642052565706,0.1476050764322281,0.002951688445745868,0.043686415320167565,-0.39862069487571716,2.1972246170043945,0.017971924973493043,0.4583850931677019,2023-05-30,0.0007835603356481481,25.82478901,84.581514,2023-05-31
399.0,429.0,528.0,945.0,654.0,634.0,168.0,96.0,0.25581395626068115,0.2784685492515564,0.9300699300699301,0.40625,7.068723243492453e-05,-0.036231884057971016,-0.7440000176429749,2.043191909790039,0.002278788728317179,0.8155619596541787,2023-05-30,0.0007835603356481481,25.85141203,84.49539598,2023-05-31
402.0,408.0,633.0,1000.0,693.0,682.0,249.0,170.0,0.1538461595773697,0.17623983323574066,0.9852941176470589,0.4265335202217102,7.378088973326097e-05,-0.007407407407407408,-0.6060255169868469,1.8891592025756836,0.0019390027718834012,0.7094017094017094,2023-05-30,0.0007835603356481481,25.864062,84.49459702,2023-05-31
528.0,483.0,834.0,1242.0,887.0,878.0,447.0,371.0,0.08015266805887222,0.07832033932209015,1.093167701863354,0.4033898413181305,0.00012248099699147593,0.04451038575667656,-0.4101748764514923,1.4270610809326172,0.0006820766552902116,0.5399876007439554,2023-05-30,0.0007835603356481481,25.877048,84.44393604,2023-05-31
664.0,599.0,750.0,1232.0,875.0,883.0,439.0,351.0,0.16590909659862518,0.13234086334705353,1.1085141903171953,0.29957807064056396,0.000404318307935303,0.05146476642913698,-0.4274061918258667,1.5810937881469727,0.0005393676126080512,0.556538218572331,2023-05-30,0.0007835603356481481,25.76894903,84.64371803,2023-05-31
499.0,443.0,611.0,968.0,804.0,769.0,270.0,201.0,0.23215129971504211,0.209061399102211,1.1264108352144468,0.31970006227493286,0.00022976330071161003,0.059447983014861996,-0.6000000238418579,1.522955060005188,0.000650756773611051,0.6561163387510693,2023-05-30,0.0007835603356481481,25.76380799,84.65214402,2023-05-31
413.0,359.0,578.0,1037.0,720.0,645.0,163.0,110.0,0.2443712204694748,0.22381463646888733,1.15041782729805,0.430344820022583,5.0500349740954955e-05,0.06994818652849741,-0.7349397540092468,1.7351264953613281,0.0005384464608439998,0.8081952920662598,2023-05-30,0.0007835603356481481,25.81360697,84.59808804,2023-05-31
586.0,515.0,1034.0,1428.0,1044.0,1058.0,625.0,528.0,0.02130325883626938,0.021559737622737885,1.137864077669903,0.41807347536087036,0.0001972775289166901,0.06448683015440508,-0.32824426889419556,1.522955060005188,0.00075070330510744,0.4601226993865031,2023-05-30,0.0007835603356481481,25.87584402,84.43231696,2023-05-31
448.0,411.0,624.0,938.0,753.0,706.0,199.0,163.0,0.20824949443340302,0.22086964547634125,1.0900243309002433,0.35353535413742065,0.0002898378631486725,0.04307334109429569,-0.6441047787666321,2.043191909790039,0.004745465132811451,0.703905540417802,2023-05-30,0.0007835603356481481,25.80329496,84.61156203,2023-05-31
833.0,817.0,402.0,485.0,281.0,512.0,121.0,28.0,0.44300517439842224,0.3706361651420593,1.0195838433292534,-0.2640364170074463,0.015168813428246691,0.009696969696969697,-0.8187702298164368,1.5810937881469727,0.14747541835335948,0.8908382066276803,2023-06-07,0.0007765064351851852,25.4532467,80.3083007,2023-06-08
1942.0,1486.0,235.0,494.0,556.0,1419.0,1366.0,932.0,0.36316508054733276,0.19294418394565582,1.306864064602961,-0.5944170951843262,0.009637405472577286,0.13302217036172695,0.2526881694793701,1.831020474433899,0.0016083547353545275,-0.3071528751753156,2023-06-18,0.022797085069444445,23.642106,86.898646,2023-07-11
3320.0,3482.0,2004.0,2330.0,2512.0,2748.0,2660.0,2646.0,0.11276473850011826,0.10988140851259232,0.9534750143595635,-0.17522123456001282,0.00028935519729872405,-0.02381652455160247,0.025979062542319298,0.6365141868591309,3.241773016814533e-05,-0.0635048231511254,2023-10-11,0.00476326525462963,29.451804,77.140333,2023-10-16
1891.0,1422.0,848.0,1094.0,1456.0,1254.0,1576.0,2212.0,0.044794756919145584,0.11182095110416412,1.329817158931083,-0.2670016884803772,0.004111518966664483,0.14156353757923332,0.20610687136650085,2.043191909790039,0.00397144081713975,-0.33817301875378103,2023-10-21,0.0007606280208333333,15.721386,73.73331,2023-10-22
1111.0,830.0,664.0,824.0,915.0,1039.0,1187.0,1166.0,0.05082987621426582,0.01723598875105381,1.3385542168674698,-0.14832040667533875,0.0019021963495120407,0.14477073673364246,0.12061508744955063,2.043191909790039,0.004498679458404607,-0.17185929648241205,2023-12-09,0.0017760794097222221,23.006909,79.924278,2023-12-11
2915.0,2732.0,1200.0,1616.0,2032.0,2369.0,2445.0,2468.0,0.1484619826078415,0.14136384427547455,1.0669838945827232,-0.28669166564941406,0.00013269738298617007,0.032406587568620505,0.09688889235258102,1.214889645576477,5.00892385829251e-05,-0.20861900097943192,2023-12-17,0.0007690771180555556,23.015669,78.554122,2023-12-18
6280.0,5149.0,8424.0,7808.0,7712.0,8041.0,7581.0,7264.0,-0.05714285746216774,-0.05702309310436249,1.219654301806176,0.10846110433340073,1.1740781790978457e-05,0.09895878904541079,-0.029914529994130135,0.6869615912437439,1.1498386229448718e-05,0.036093418259023353,2023-12-25,0.002237141539351852,26.660322,77.949228,2023-12-23
6729.0,5720.0,7688.0,7392.0,7416.0,7415.0,7479.0,7744.0,-0.04351354017853737,-0.03875621780753136,1.1763986013986014,0.04695134982466698,0.00017244132840048797,0.08105068680215279,0.021635884419083595,0.3488321006298065,9.544573970822382e-06,-0.023255813953488372,2023-12-25,0.005762649502314815,25.435959,76.581781,2023-12-31
2182.0,1817.0,1678.0,1826.0,1760.0,1995.0,2473.0,2463.0,-0.02461957186460495,-0.028836918994784355,1.200880572372042,-0.08882235735654831,6.0466081927069824e-05,0.09127281820455113,0.16646933555603027,1.214889645576477,8.509346301492175e-05,-0.1485194684075542,2024-01-01,0.0007689026041666667,22.576946,77.167978,2024-01-02
2752.0,2249.0,1592.0,2008.0,2186.0,2521.0,2607.0,2656.0,0.07511430233716965,0.0892014130949974,1.223654957759004,-0.1563025265932083,0.00023246634555532418,0.10057988402319536,0.09706732630729675,1.522955060005188,0.0002231865456398946,-0.13893653516295026,2023-12-25,0.008762649502314816,25.526994,76.518179,2024-01-03
2960.0,2668.0,1754.0,2002.0,2172.0,2388.0,2367.0,2368.0,0.1091419905424118,0.08535561710596085,1.1094452773613193,-0.19306731224060059,0.004431602253055395,0.051883439943141436,0.043171804398298264,1.3107836246490479,0.00034255202582818126,-0.08375286041189932,2023-12-25,0.008762649502314816,25.536358,76.518743,2024-01-03
1011.0,785.0,730.0,1020.0,1222.0,1101.0,1434.0,1772.0,-0.05681098252534866,0.030607473105192184,1.2878980891719745,0.004431314766407013,0.01290009999669898,0.12583518930957685,0.18370074033737183,1.831020474433899,0.006919848947011327,-0.2693409742120344,2024-01-14,0.009237311898148148,25.709157,76.474932,2024-01-05
1973.0,1338.0,420.0,675.0,670.0,979.0,1629.0,1921.0,0.060593899339437485,0.0343489870429039,1.4745889387144993,-0.4901812672615051,0.0013500449115180719,0.19178495922681968,0.4828251600265503,1.831020474433899,0.0021041713090676297,-0.47996918335901384,2024-01-12,0.0012101130555555555,21.929645,84.013167,2024-01-11
1925.0,1371.0,700.0,852.0,733.0,1295.0,2148.0,2188.0,-0.04147133231163025,-0.06903111189603806,1.4040846097738877,-0.3863881826400757,0.0014659427244517866,0.16808252427184467,0.4981170892715454,2.043191909790039,0.002467520800157688,-0.4394736842105263,2024-02-01,0.006244868715277778,22.581877,73.151901,2024-01-26
105.0,91.0,406.0,469.0,288.0,225.0,119.0,105.0,-0.1305309683084488,-0.14955668151378632,1.1538461538461537,0.6341463327407837,0.00012339373879689653,0.07142857142857142,-0.4656488597393036,2.043191909790039,0.0014282873489476335,0.6341463414634146,2024-02-08,0.0017606523148148145,16.127786,73.462497,2024-02-10
2439.0,2274.0,1286.0,1622.0,2066.0,2235.0,2166.0,2232.0,0.12302131205797195,0.13558971881866455,1.0725593667546174,-0.20118197798728943,0.0006782193281795005,0.03500954805856143,0.03862261399626732,1.2730283737182617,7.878358202091651e-05,-0.15827711468604047,2024-02-16,0.0017549581597222222,21.907764,73.346706,2024-02-18
2029.0,1969.0,1426.0,1556.0,1678.0,1568.0,1448.0,1841.0,0.06309147924184799,0.12392127513885498,1.0304723209751143,-0.131938636302948,0.004444418526659024,0.015007503751875938,0.046319976449012756,1.3107836246490479,0.00012676832719585673,-0.08389755666764792,2024-02-28,0.00023666140046296294,29.455556,77.137222,2024-02-28
704.0,391.0,220.0,360.0,309.0,625.0,690.0,690.0,0.053562141954898834,0.055773213505744934,1.8005115089514065,-0.3233082592487335,0.0025385988159341752,0.28584474885844746,0.38138139247894287,1.8891592025756836,0.003489753974430249,-0.3142857142857143,2024-02-28,0.0017968481828703703,22.434972,87.518083,2024-03-01
3614.0,3392.0,927.0,1386.0,1840.0,2248.0,2414.0,2555.0,0.22068040072917938,0.18744061887264252,1.065448113207547,-0.4456000030040741,0.010012904491037509,0.031687125321153295,0.1626848727464676,1.8891592025756836,0.0012373275191457243,-0.2966252220248668,2024-03-09,0.0012031627430555555,22.469,87.085,2024-03-08
4152.0,4076.0,1434.0,2076.0,2710.0,2974.0,3082.0,3304.0,0.18310344219207764,0.1820000410079956,1.0186457311089303,-0.3333333432674408,0.003213930942784956,0.009236752552260573,0.09876953810453415,1.1490596532821655,6.102213466237855e-05,-0.22825278810408922,2024-03-09,0.001203197025462963,22.22723,86.896543,2024-03-08
3324.0,3488.0,1018.0,1592.0,2180.0,2479.0,2588.0,2793.0,0.1817498654127121,0.1582779586315155,0.9529816513761468,-0.35231897234916687,0.002029464304797557,-0.024075161479741633,0.12326563149690628,1.3107836246490479,0.00011894603859711565,-0.27388825541619155,2024-03-09,0.0012031627430555555,22.15844199745963,87.055371561596,2024-03-08
3131.0,2576.0,733.0,1040.0,1262.0,1665.0,2169.0,2410.0,0.16587048768997192,0.15474581718444824,1.2154503105590062,-0.501318633556366,0.000510583918724667,0.09724899246539338,0.3126361668109894,1.6769877672195435,0.0015894372010596032,-0.39710144927536234,2024-03-09,0.000203197025462963,22.219909,86.910117,2024-03-09
6004.0,5957.0,2028.0,2966.0,3900.0,4197.0,4278.0,4592.0,0.19874122738838196,0.20188719034194946,1.0078898774550948,-0.3386844992637634,2.0944857571968277e-05,0.0039294373380152165,0.0814884603023529,0.6837388873100281,2.258697686282248e-05,-0.21513627943900504,2024-03-09,0.00020299243055555555,23.23804207182051,87.78865952968788,2024-03-09
2732.0,2496.0,1078.0,1440.0,1868.0,2133.0,2430.0,2618.0,0.10896817594766617,0.08713099360466003,1.0945512820512822,-0.30968359112739563,0.0018709779701816902,0.045141545524101,0.16718679666519165,1.7351264953613281,0.0023444079131634513,-0.29029078363725974,2024-03-09,0.0007619223032407407,22.09227,75.01138,2024-03-10
3586.0,3419.0,1168.0,1598.0,1976.0,2324.0,2369.0,2523.0,0.20220468938350677,0.18162156641483307,1.0488446914302427,-0.38348764181137085,0.0028049653804892807,0.0238401142041399,0.12158257514238358,1.4270610809326172,0.0003040332323146118,-0.22446008250424654,2024-03-09,0.0007970075694444445,23.208027,87.858181,2024-03-10
317.0,278.0,768.0,1244.0,1180.0,1234.0,706.0,648.0,0.02780638448894024,0.038312871009111404,1.1402877697841727,0.5938500761985779,0.015487400451695214,0.06554621848739496,-0.2910284399986267,2.043191909790039,0.0018506455315218477,0.3150105708245243,2024-03-09,0.0007971757523148148,23.61702334810349,87.70157999207548,2024-03-10
2353.0,1808.0,512.0,735.0,916.0,1150.0,1381.0,1700.0,0.19284802675247192,0.13559918105602264,1.301438053097345,-0.5239637494087219,0.021141161346741082,0.13097813025714972,0.2996941804885864,1.214889645576477,0.000362781269002552,-0.39630390143737165,2024-03-09,0.0017971757523148146,23.61615250523469,87.5259840615229,2024-03-11
3160.0,2505.0,955.0,1306.0,1480.0,1955.0,2339.0,2416.0,0.15840719640254974,0.152009055018425,1.2614770459081837,-0.41513657569885254,0.0008827211504707222,0.11562224183583407,0.24024640023708344,2.043191909790039,0.008336356216882359,-0.2982267598065556,2024-03-14,0.002202790821759259,23.598731,87.570317,2024-03-12
636.0,589.0,669.0,1126.0,1162.0,1425.0,882.0,982.0,0.04262105002999306,0.025734104216098785,1.0797962648556876,0.2780930697917938,0.013887006516808853,0.03836734693877551,-0.08395522087812424,2.043191909790039,0.004098801605765565,0.0683111954459203,2024-03-06,0.00676977369212963,26.6922078,78.0010645,2024-03-13
3740.0,3510.0,1554.0,2160.0,2792.0,3006.0,2982.0,3172.0,0.1604192554950714,0.16979436576366425,1.0655270655270654,-0.2677966058254242,0.00033175376492542184,0.031724137931034485,0.0637156292796135,0.3488321006298065,1.5200639472727021e-05,-0.18979744936234058,2024-03-14,0.00023717545138888886,26.6115281,77.8639336,2024-03-14
624.0,554.0,618.0,1032.0,1010.0,1482.0,1191.0,1086.0,-0.02097064070403576,-0.017299769446253777,1.1263537906137184,0.24637681245803833,0.01136159168459425,0.059422750424448216,0.036259543150663376,1.522955060005188,0.0009545114031438953,-0.025495750708215296,2024-03-09,0.004762879456018518,26.65962,77.950204,2024-03-14
3293.0,3030.0,1004.0,1556.0,2002.0,2669.0,2604.0,2320.0,0.228680819272995,0.18920883536338806,1.0867986798679867,-0.3582181930541992,0.001384916853914089,0.04159417997785861,0.07357704639434814,0.9368883371353149,7.69000663144047e-05,-0.19711042311661506,2024-03-21,0.0062302632986111104,26.708826,78.091674,2024-03-15
734.0,554.0,603.0,1206.0,1368.0,1686.0,1495.0,1507.0,-0.001899335184134543,0.05261268466711044,1.3249097472924187,0.2432989627122879,0.006951436320227156,0.13975155279503104,0.048347827047109604,2.043191909790039,0.0061295994330036385,-0.1109472908219683,2024-03-21,0.0062302632986111104,26.6922078,78.0010645,2024-03-15
344.0,285.0,532.0,626.0,444.0,444.0,358.0,336.0,-0.04830917716026306,-0.031234465539455414,1.207017543859649,0.2907216548919678,0.0009576733190552744,0.09379968203497616,-0.13846154510974884,1.831020474433899,0.00043787620435722,0.30145530145530147,2024-03-14,0.0007606526736111111,16.104036,73.4656,2024-03-15
2739.0,2934.0,1794.0,2162.0,2342.0,2452.0,2250.0,2418.0,0.09351124614477158,0.10299836099147797,0.9335378323108384,-0.11773107200860977,0.003164973540667551,-0.03437334743521946,0.0159663874655962,1.2730283737182617,0.0007854959763281152,-0.05589519650655022,2024-03-19,0.0027632912037037034,29.45335,77.13004,2024-03-22
2926.0,2839.0,1250.0,1672.0,2208.0,2592.0,2499.0,2692.0,0.13133539259433746,0.1391441971063614,1.030644593166608,-0.27272728085517883,0.0008705525796976662,0.015091066782307025,0.09877551347017288,1.7351264953613281,0.00047090476254277005,-0.23373052245646195,2024-04-05,0.003768890763888889,22.561081,77.320219,2024-04-09
2815.0,2358.0,520.0,812.0,1182.0,1307.0,1330.0,1390.0,0.35330963134765625,0.34691277146339417,1.193808312128923,-0.5522470474243164,0.001356743265868469,0.08834332109027644,0.08087091892957687,1.8891592025756836,0.0011804055349924933,-0.26248864668483196,2024-04-13,0.0012393699074074074,16.150592,73.458183,2024-04-12
833.0,724.0,646.0,917.0,1100.0,847.0,828.0,912.0,0.10741908103227615,0.11619840562343597,1.1505524861878453,0.04800000041723251,0.007928544609067386,0.07000642260757868,-0.09343936294317245,2.043191909790039,0.0068120877148510044,0.002733734281027884,2024-04-13,0.0012393699074074074,16.157017,73.470469,2024-04-12
2103.0,1792.0,690.0,758.0,914.0,1295.0,1596.0,1144.0,0.24386724829673767,0.06148989498615265,1.1735491071428572,-0.4701153337955475,0.017752229063099194,0.07984595635430039,0.1117589920759201,2.1972246170043945,0.020332695217643065,-0.20294426919032596,2024-04-28,0.002239341863425926,16.008992,73.605536,2024-04-26
2677.0,1949.0,722.0,1094.0,1278.0,1476.0,2048.0,2336.0,0.12790532410144806,0.150344118475914,1.3735248845561827,-0.4197825491428375,0.0015214982477840503,0.15737137916126243,0.29275041818618774,2.043191909790039,0.0035266948126808145,-0.3620991253644315,2024-05-05,0.0012330214814814814,12.095812,76.02274,2024-05-04
625.0,314.0,1436.0,1574.0,1406.0,1571.0,1674.0,1636.0,-0.2039976418018341,-0.204717218875885,1.9904458598726114,0.43155980110168457,0.00013481630189085238,0.33120340788072417,0.07560814917087555,0.9368883371353149,3.4533006806637986e-05,-0.019314641744548288,2024-11-14,0.00020297692129629628,22.6485900208354,87.7988750115036,2024-11-14
589.0,310.0,1296.0,1496.0,1352.0,1523.0,1558.0,1538.0,-0.18701571226119995,-0.1729273796081543,1.9,0.43501198291778564,0.00663412427796311,0.3103448275862069,0.06435985863208771,1.3107836246490479,7.081846050475188e-05,-0.013843111404087014,2024-11-14,0.00020297692129629628,22.6395890302956,87.8013630118221,2024-11-14
299.0,208.0,1182.0,1290.0,1100.0,1113.0,880.0,728.0,-0.15442731976509094,-0.16925546526908875,1.4375,0.6236627101898193,9.837600821269475e-05,0.1794871794871795,-0.20350109040737152,1.522955060005188,0.00020768780624392925,0.27849355797819625,2024-11-25,0.00021610932870370371,27.43881,83.906,2024-11-25
278.0,169.0,1274.0,1318.0,1142.0,1055.0,758.0,678.0,-0.15776987373828888,-0.15533967316150665,1.6449704142011834,0.6516290903091431,6.449146914963875e-05,0.24384787472035793,-0.2549450695514679,0.9368883371353149,5.819436561389008e-05,0.32064128256513025,2024-11-25,0.00021610932870370371,27.4106829799711,83.8614429719746,2024-11-25
259.0,164.0,1274.0,1352.0,1134.0,1055.0,816.0,710.0,-0.1750074028968811,-0.17966897785663605,1.579268292682927,0.6784605979919434,1.718993771810457e-05,0.22458628841607564,-0.2299349308013916,1.4648163318634033,0.00012962059337842978,0.3113482056256062,2024-11-25,0.00021610932870370371,27.4346869904547,83.8886929582804,2024-11-25
120.0,103.0,958.0,1188.0,1122.0,1164.0,707.0,530.0,-0.09010989218950272,-0.08424773067235947,1.1650485436893203,0.8165137767791748,0.0002443581235573373,0.07623318385650224,-0.35835352540016174,1.2730283737182617,0.0002445472213976125,0.3830034924330617,2024-12-02,0.00020936383101851852,26.1458500195294,84.8977860063314,2024-12-02
4247.0,4243.0,1688.0,2178.0,2784.0,3015.0,3047.0,3292.0,0.1707601398229599,0.17628619074821472,1.000942729201037,-0.32202333211898804,5.9599712682138296e-05,0.0004711425206124853,0.08360763639211655,0.6869615912437439,3.3563441118367484e-05,-0.2036563071297989,2024-12-21,0.002230972951388889,22.70923381395292,77.83666893492025,2024-12-19
1959.0,1147.0,722.0,896.0,828.0,1269.0,2100.0,2622.0,-0.09084977954626083,-0.06239820271730423,1.7079337401918047,-0.3723292350769043,0.0060985083537869285,0.26142949130714743,0.5199999809265137,1.6769877672195435,0.0029898468603434874,-0.49061967026719727,2024-12-29,0.0017611422685185187,18.564444,73.793889,2024-12-31
1844.0,849.0,990.0,1152.0,886.0,1358.0,3134.0,3776.0,-0.2716115117073059,-0.2711811661720276,2.171967020023557,-0.23097462952136993,0.00027271367347079,0.3694764203490531,0.6199055910110474,1.8891592025756836,0.0003915013807070069,-0.5324675324675324,2024-12-26,0.005769026562500001,22.606,77.375,2025-01-01
141.0,132.0,336.0,488.0,307.0,349.0,229.0,228.0,-0.1146245077252388,-0.11130069196224213,1.0681818181818181,0.5516692996025085,0.0006120707437660381,0.03296703296703297,-0.14766354858875275,1.0986123085021973,4.551392346817241e-05,0.36312849162011174,2025-02-13,0.002216478263888889,25.519921,83.8759529999999,2025-02-11
93.0,88.0,310.0,424.0,254.0,271.0,141.0,149.0,-0.13895781338214874,-0.14422661066055298,1.0568181818181819,0.6402320861816406,6.686647241653058e-05,0.027624309392265192,-0.26054590940475464,1.6769877672195435,0.00022222069643922863,0.4799301919720768,2025-02-13,0.002216441261574074,25.596401,83.9942089999999,2025-02-11
114.0,107.0,327.0,451.0,274.0,292.0,148.0,162.0,-0.1151653379201889,-0.10649808496236801,1.0654205607476634,0.5964601635932922,0.0066279661678326895,0.03167420814479638,-0.2568807303905487,1.5810937881469727,0.0003623430952096977,0.47145187601957583,2025-02-13,0.002216441261574074,25.6003019999999,84.0008499999999,2025-02-11
99.0,94.0,574.0,830.0,524.0,539.0,286.0,274.0,-0.15295717120170593,-0.14327256381511688,1.053191489361702,0.786867618560791,2.5751045864157935e-05,0.025906735751295335,-0.31328320503234863,1.5810937881469727,0.0007077490429452752,0.5036231884057971,2025-02-13,0.001216436261574074,25.726931,84.827539,2025-02-12
574.0,613.0,620.0,848.0,724.0,804.0,576.0,643.0,0.013666536659002304,0.031642090529203415,0.9363784665579119,0.19268636405467987,0.013116751659901326,-0.03285593934288121,-0.059253841638565063,2.1972246170043945,0.019434441708643876,0.1374916163648558,2025-02-13,0.001216436261574074,25.725694,84.813702,2025-02-12
127.0,123.0,545.0,814.0,518.0,523.0,272.0,259.0,-0.10973084717988968,-0.11268369853496552,1.032520325203252,0.730074405670166,7.95801845888554e-05,0.016,-0.3333333432674408,1.214889645576477,8.544147295669941e-05,0.5172413793103449,2025-02-13,0.001216436261574074,25.7239119999999,84.802277,2025-02-12
120.0,134.0,456.0,659.0,430.0,367.0,175.0,271.0,-0.13860610127449036,-0.01672011986374855,0.8955223880597015,0.6919127106666565,0.19664136322969886,-0.05511811023622047,-0.22681882977485657,2.1972246170043945,0.008783566028100993,0.4172043010752688,2025-02-13,0.001216436261574074,25.7256399999999,84.813207,2025-02-12
155.0,155.0,482.0,692.0,481.0,482.0,336.0,333.0,-0.123363196849823,-0.1357363909482956,1.0,0.6340023875236511,6.31903540638924e-05,0.0,-0.1818181872367859,1.4648163318634033,0.00022083992490069045,0.35024390243902437,2025-02-13,0.001216436261574074,25.7401909999999,84.7274879999999,2025-02-12
129.0,132.0,404.0,488.0,324.0,343.0,245.0,252.0,-0.18304778635501862,-0.17617134749889374,0.9772727272727273,0.5818476676940918,0.0002588201135602159,-0.011494252873563218,-0.125,0.964962899684906,6.0564884497577636e-05,0.31891891891891894,2025-02-13,0.001216436261574074,25.69807,84.486742,2025-02-12
124.0,112.0,303.0,379.0,224.0,239.0,145.0,151.0,-0.13216957449913025,-0.11381201446056366,1.1071428571428572,0.5069582462310791,0.00011771939989296204,0.05084745762711865,-0.19466666877269745,2.043191909790039,0.0009862589269374333,0.43018867924528303,2025-02-13,0.001216436261574074,25.6965509999999,84.4285959999999,2025-02-12
130.0,126.0,387.0,560.0,354.0,376.0,196.0,184.0,-0.08246445655822754,-0.07816985994577408,1.0317460317460319,0.6231883764266968,0.00013853666325679292,0.015625,-0.31598514318466187,1.1490596532821655,7.516940774249864e-05,0.5053763440860215,2025-02-13,0.001216436261574074,25.72098,84.1843889999999,2025-02-12
169.0,176.0,577.0,880.0,600.0,597.0,324.0,316.0,-0.07460890710353851,-0.09140924364328384,0.9602272727272727,0.6777883768081665,9.694221485704682e-06,-0.020289855072463767,-0.31004366278648376,1.522955060005188,0.00035193578392991555,0.47157190635451507,2025-02-13,0.001216436261574074,25.7218389999999,84.792866,2025-02-12
221.0,162.0,543.0,711.0,444.0,497.0,319.0,305.0,-0.12095174938440323,-0.10603206604719162,1.3641975308641976,0.5257510542869568,0.0006541815268698138,0.15404699738903394,-0.185580775141716,1.831020474433899,0.0005332904602241993,0.39960629921259844,2025-02-13,0.00021638037037037037,25.6730039999999,85.0323929999999,2025-02-13
185.0,199.0,554.0,758.0,497.0,540.0,309.0,310.0,-0.11772315949201584,-0.10018910467624664,0.9296482412060302,0.6076352000236511,0.00012651677045403018,-0.036458333333333336,-0.23172242939472198,1.303092360496521,0.00021216182798518743,0.41947565543071164,2025-02-13,0.00021643626157407409,25.661992,84.9558099999999,2025-02-13
170.0,177.0,502.0,724.0,474.0,524.0,303.0,292.0,-0.10431154072284698,-0.10611636191606522,0.96045197740113,0.6196867823600769,3.8039897305343194e-05,-0.020172910662824207,-0.23759791254997253,1.1490596532821655,0.00018137693498236165,0.4251968503937008,2025-02-13,0.00021643626157407409,25.6622869999999,84.957175,2025-02-13
159.0,148.0,472.0,674.0,430.0,474.0,282.0,274.0,-0.11760299652814865,-0.10328473150730133,1.0743243243243243,0.6182472705841064,0.00013492210321781114,0.035830618892508145,-0.22159090638160706,1.831020474433899,0.000657927215486002,0.4219409282700422,2025-02-13,0.00021643626157407409,25.6633339999999,84.960875,2025-02-13
174.0,156.0,566.0,776.0,511.0,537.0,336.0,316.0,-0.12571793794631958,-0.12214036285877228,1.1153846153846154,0.6336842179298401,3.2775159193260744e-05,0.05454545454545454,-0.23579202592372894,0.9368883371353149,2.5926071304915865e-05,0.42124542124542125,2025-02-13,0.00021643626157407409,25.6651699999999,84.9668879999999,2025-02-13
155.0,137.0,535.0,736.0,494.0,507.0,318.0,300.0,-0.1253369301557541,-0.14076223969459534,1.1313868613138687,0.6520763039588928,1.9848195970932164e-05,0.06164383561643835,-0.24433249235153198,0.9950270056724548,9.339716764808183e-05,0.42084942084942084,2025-02-13,0.00021643626157407409,25.6655459999999,84.9683009999999,2025-02-13
143.0,129.0,520.0,714.0,479.0,491.0,313.0,286.0,-0.12885154783725739,-0.12980002164840698,1.1085271317829457,0.6662777066230774,1.5918253543251775e-05,0.051470588235294115,-0.2522875964641571,0.964962899684906,4.185575890706487e-05,0.428,2025-02-13,0.00021643626157407409,25.6657809999999,84.972339,2025-02-13
127.0,127.0,464.0,647.0,405.0,429.0,248.0,238.0,-0.1377633661031723,-0.13831742107868195,1.0,0.6718346476554871,5.862873336346139e-06,0.0,-0.2597200572490692,1.5810937881469727,0.00018440794017824145,0.46214689265536724,2025-02-13,0.00021643626157407409,25.666294,84.976207,2025-02-13
104.0,100.0,468.0,692.0,418.0,454.0,213.0,177.0,-0.10539846122264862,-0.1098870187997818,1.04,0.7386934757232666,5.2217047372435684e-05,0.0196078431372549,-0.40504202246665955,1.6769877672195435,0.0004231005542117848,0.5926352128883774,2025-02-13,0.00021638037037037037,25.673344,85.0202749999999,2025-02-13
203.0,160.0,518.0,716.0,474.0,506.0,307.0,296.0,-0.09188464283943176,-0.0997501090168953,1.26875,0.5582154393196106,5.5328519952762496e-05,0.1184573002754821,-0.23116883635520935,2.043191909790039,0.0007284731373252264,0.4150197628458498,2025-02-13,0.00021638037037037037,25.6706959999999,85.035988,2025-02-13
111.0,101.0,422.0,610.0,360.0,371.0,160.0,142.0,-0.08985507488250732,-0.09554854035377502,1.099009900990099,0.6920943260192871,7.65077219474127e-06,0.04716981132075472,-0.4342629611492157,1.5810937881469727,0.0003497107653130074,0.6223404255319149,2025-02-13,0.00021638037037037037,25.653835,85.081181,2025-02-13
229.0,206.0,487.0,684.0,443.0,477.0,255.0,238.0,-0.0379384383559227,-0.03538231924176216,1.1116504854368932,0.49835705757141113,0.0004766970292152549,0.052873563218390804,-0.30102789402008057,1.3107836246490479,0.00016704310422284893,0.4837310195227766,2025-02-13,0.00021638037037037037,25.666174,85.0420569999999,2025-02-13
216.0,197.0,500.0,695.0,457.0,495.0,274.0,250.0,-0.05411103367805481,-0.04837102070450783,1.0964467005076142,0.5257958173751831,4.7359204311684756e-05,0.04600484261501211,-0.2927864193916321,1.4270610809326172,0.00028006894810140973,0.4708994708994709,2025-02-13,0.00021638037037037037,25.6643979999999,85.0441749999999,2025-02-13
253.0,236.0,528.0,692.0,482.0,497.0,290.0,278.0,-0.046073976904153824,-0.049749307334423065,1.0720338983050848,0.464550256729126,0.0005710508200665506,0.034764826175869123,-0.2684210538864136,1.6769877672195435,0.00043915607243229086,0.4268041237113402,2025-02-13,0.00021638037037037037,25.658709,85.0502019999999,2025-02-13
163.0,160.0,496.0,673.0,424.0,449.0,231.0,192.0,-0.07921568304300308,-0.07340150326490402,1.01875,0.6100478172302246,4.555394921921005e-05,0.009287925696594427,-0.37662336230278015,1.4270610809326172,0.0002694221841977256,0.5560693641618497,2025-02-13,0.00021638037037037037,25.6558939999999,85.0559109999999,2025-02-13
125.0,119.0,475.0,656.0,397.0,423.0,200.0,184.0,-0.11600338667631149,-0.09900008141994476,1.050420168067227,0.6798975467681885,1.8487069175263412e-05,0.02459016393442623,-0.3666093051433563,1.7351264953613281,0.0004935650090697309,0.5619047619047619,2025-02-13,0.00021638037037037037,25.6539999999999,85.0625189999999,2025-02-13
110.0,116.0,410.0,604.0,328.0,358.0,155.0,145.0,-0.11782477051019669,-0.09597116708755493,0.9482758620689655,0.6918767690658569,2.2647530146950128e-05,-0.02654867256637168,-0.386892169713974,1.8891592025756836,0.0010040923966953613,0.6128170894526035,2025-02-13,0.00021638037037037037,25.653776,85.080955,2025-02-13
198.0,213.0,576.0,778.0,552.0,571.0,379.0,360.0,-0.11032028496265411,-0.10381724685430527,0.9295774647887324,0.5942623019218445,0.00020397616213443627,-0.0364963503649635,-0.21052631735801697,1.3107836246490479,0.00018438223863128286,0.36731107205623903,2025-02-13,0.00021643626157407409,25.6603619999999,84.9496599999999,2025-02-13
99.0,98.0,364.0,590.0,330.0,340.0,145.0,135.0,-0.07543103396892548,-0.08685354888439178,1.010204081632653,0.7126269936561584,5.5003000680484445e-05,0.005076142131979695,-0.4193548262119293,1.7351264953613281,0.00028161506933798027,0.6275862068965518,2025-02-13,0.00021638037037037037,25.656583,85.0913099999999,2025-02-13
94.0,92.0,354.0,525.0,303.0,316.0,159.0,150.0,-0.11875693500041962,-0.13079801201820374,1.0217391304347827,0.6962843537330627,5.960392106432424e-05,0.010752688172043012,-0.33774834871292114,1.6769877672195435,0.00028970184326228125,0.5555555555555556,2025-02-13,0.00021638037037037037,25.658809,85.1071029999999,2025-02-13
125.0,137.0,439.0,633.0,388.0,422.0,223.0,207.0,-0.1147540956735611,-0.12354041635990143,0.9124087591240876,0.6701846718788147,2.785471201565631e-05,-0.04580152671755725,-0.3042016923427582,1.831020474433899,0.0003536175706792852,0.5071428571428571,2025-02-13,0.00021638037037037037,25.6245249999999,85.171293,2025-02-13
813.0,852.0,670.0,741.0,744.0,802.0,785.0,758.0,0.04321607947349548,0.02527073584496975,0.954225352112676,-0.04633204638957977,0.004215975918748697,-0.023423423423423424,0.009320905432105064,1.6769877672195435,0.0012115251303479397,-0.01134089392928619,2025-02-13,0.00021638037037037037,25.6159339999999,85.2040719999999,2025-02-13
224.0,204.0,495.0,693.0,464.0,494.0,278.0,262.0,-0.047750864177942276,-0.04412684589624405,1.0980392156862746,0.5114504098892212,0.00012862125275978385,0.04672897196261682,-0.27823692560195923,0.6837388873100281,6.527451303813454e-05,0.4513089005235602,2025-02-13,0.00021638037037037037,25.666913,85.041133,2025-02-13
159.0,164.0,552.0,785.0,494.0,518.0,320.0,291.0,-0.12700535356998444,-0.10669007897377014,0.9695121951219512,0.6631355881690979,9.049680236872248e-05,-0.015479876160990712,-0.2585987150669098,1.5810937881469727,0.00018035479638530325,0.4591078066914498,2025-02-13,0.00021643626157407409,25.6603029999999,84.9443579999999,2025-02-13
102.0,94.0,546.0,734.0,479.0,507.0,242.0,233.0,-0.1455882340669632,-0.12336548417806625,1.0851063829787233,0.7559808492660522,6.309805902709403e-05,0.04081632653061224,-0.34550562500953674,1.6769877672195435,0.000654951422381996,0.5180972078593589,2025-02-13,0.00021643626157407409,25.68457,84.8808789999999,2025-02-13
127.0,115.0,485.0,694.0,468.0,477.0,244.0,250.0,-0.10526315867900848,-0.1235179677605629,1.1043478260869566,0.6906211972236633,0.00021547169925639764,0.049586776859504134,-0.30362117290496826,1.214889645576477,9.687447383334281e-05,0.4703389830508475,2025-02-13,0.00021643626157407409,25.6596119999999,84.9363599999999,2025-02-13
149.0,136.0,558.0,756.0,496.0,520.0,302.0,274.0,-0.1266079843044281,-0.12144594639539719,1.0955882352941178,0.670718252658844,1.198050611961321e-05,0.0456140350877193,-0.2883116900920868,1.522955060005188,0.0003202588688259795,0.4679611650485437,2025-02-13,0.00021643626157407409,25.660128,84.9405749999999,2025-02-13
223.0,212.0,686.0,924.0,622.0,634.0,403.0,389.0,-0.1197916641831398,-0.1202118918299675,1.0518867924528301,0.6111595630645752,0.00024916770880414576,0.02528735632183908,-0.2304648905992508,0.6837388873100281,6.799901056483056e-05,0.4074638233054075,2025-02-13,0.00021643626157407409,25.7281289999999,84.83243,2025-02-13
194.0,182.0,659.0,860.0,629.0,645.0,390.0,376.0,-0.11410118639469147,-0.1150626465678215,1.065934065934066,0.6318785548210144,0.00011569374018617474,0.031914893617021274,-0.25174129009246826,1.4270610809326172,0.00015359229232014208,0.39158576051779936,2025-02-13,0.00021643626157407409,25.726393,84.8381219999999,2025-02-13
168.0,163.0,594.0,800.0,557.0,561.0,339.0,312.0,-0.11097486317157745,-0.10906748473644257,1.030674846625767,0.6528925895690918,0.00014622948931686253,0.015105740181268883,-0.2819332480430603,1.522955060005188,0.00020130409902940904,0.43884892086330934,2025-02-13,0.00021643626157407409,25.725356,84.841262,2025-02-13
158.0,152.0,520.0,742.0,482.0,532.0,310.0,301.0,-0.12388774752616882,-0.1211504340171814,1.0394736842105263,0.648888885974884,4.616049850136861e-05,0.01935483870967742,-0.2311621904373169,1.3107836246490479,0.00016591848366477436,0.4228187919463087,2025-02-13,0.00021643626157407409,25.72472,84.8434189999999,2025-02-13
172.0,159.0,552.0,763.0,514.0,534.0,330.0,305.0,-0.11082307249307632,-0.11903060972690582,1.0817610062893082,0.6320855617523193,0.00011528872596184353,0.03927492447129909,-0.25518926978111267,1.7351264953613281,0.0002732278475269985,0.4288389513108614,2025-02-13,0.00021643626157407409,25.7241649999999,84.846096,2025-02-13
148.0,143.0,530.0,771.0,501.0,524.0,294.0,310.0,-0.12827400863170624,-0.12139235436916351,1.034965034965035,0.6779107451438904,7.086733244370752e-05,0.01718213058419244,-0.23551172018051147,0.9950270056724548,9.700160053724736e-05,0.42645698427382056,2025-02-13,0.00021643626157407409,25.723759,84.8490079999999,2025-02-13
125.0,137.0,518.0,701.0,476.0,491.0,287.0,274.0,-0.13711413741111755,-0.13741804659366608,0.9124087591240876,0.6973365545272827,8.724307240341271e-05,-0.04580152671755725,-0.2693333327770233,1.6769877672195435,0.00027474195416372145,0.4379487179487179,2025-02-13,0.00021643626157407409,25.72237,84.854112,2025-02-13
120.0,117.0,511.0,731.0,456.0,509.0,285.0,261.0,-0.14540059864521027,-0.1400887370109558,1.0256410256410255,0.717978835105896,2.842447678889452e-05,0.012658227848101266,-0.27196651697158813,1.2730283737182617,0.00018462426187578393,0.4737903225806452,2025-02-13,0.00021643626157407409,25.721508,84.856296,2025-02-13
120.0,123.0,537.0,792.0,514.0,532.0,262.0,267.0,-0.11821974813938141,-0.11274727433919907,0.975609756097561,0.7368420958518982,0.0005103085049041272,-0.012345679012345678,-0.3162612020969391,1.7351264953613281,0.0003034037325682082,0.49575070821529743,2025-02-13,0.00021643626157407409,25.71199,84.865165,2025-02-13
112.0,106.0,538.0,780.0,527.0,541.0,295.0,265.0,-0.11373092979192734,-0.12264422327280045,1.0566037735849056,0.7488788962364197,8.440520679127891e-06,0.027522935779816515,-0.3308080732822418,1.5810937881469727,0.0001863175766707211,0.49282296650717705,2025-02-13,0.00021643626157407409,25.709502,84.8661859999999,2025-02-13
121.0,126.0,526.0,734.0,467.0,499.0,274.0,287.0,-0.16059957444667816,-0.14678514003753662,0.9603174603174603,0.7169590592384338,4.199389536956804e-05,-0.020242914979757085,-0.23872679471969604,1.6769877672195435,0.0002987857640087564,0.43780607247796277,2025-02-13,0.00021643626157407409,25.7197579999999,84.858699,2025-02-13
128.0,135.0,560.0,860.0,560.0,574.0,282.0,264.0,-0.08994708955287933,-0.10077619552612305,0.9481481481481482,0.7408906817436218,0.0003008300289141354,-0.026615969581749048,-0.35922330617904663,1.002718210220337,8.633823706142667e-05,0.5302491103202847,2025-02-13,0.00021643626157407409,25.694606,84.875562,2025-02-13
128.0,105.0,576.0,820.0,538.0,543.0,268.0,261.0,-0.113772451877594,-0.12294378131628036,1.2190476190476192,0.7299578189849854,2.756334322068849e-05,0.09871244635193133,-0.3466833531856537,1.522955060005188,0.0002282233153272485,0.517113783533765,2025-02-13,0.00021643626157407409,25.691447,84.876033,2025-02-13
97.0,84.0,523.0,736.0,487.0,485.0,239.0,237.0,-0.130952388048172,-0.12243374437093735,1.1547619047619047,0.767106831073761,8.553926444824593e-05,0.0718232044198895,-0.34530386328697205,1.6769877672195435,0.00035543134107326085,0.512846865364851,2025-02-13,0.00021643626157407409,25.685997,84.879704,2025-02-13
95.0,88.0,518.0,755.0,492.0,509.0,242.0,222.0,-0.11529766023159027,-0.12779206037521362,1.0795454545454546,0.7764706015586853,2.255880974960039e-05,0.03825136612021858,-0.3781512677669525,1.0608569383621216,5.915074036819432e-05,0.5455475946775844,2025-02-13,0.00021643626157407409,25.679818,84.886015,2025-02-13
106.0,89.0,539.0,758.0,504.0,506.0,249.0,234.0,-0.11785972863435745,-0.12201592326164246,1.1910112359550562,0.7546296119689941,6.315354249350789e-05,0.08717948717948718,-0.3658536672592163,1.4270610809326172,0.00014439330853329343,0.5282258064516129,2025-02-13,0.00021643626157407409,25.6723579999999,84.896293,2025-02-13
72.0,73.0,466.0,706.0,433.0,446.0,213.0,204.0,-0.14042553305625916,-0.1313575655221939,0.9863013698630136,0.8149100542068481,0.00017025789267164113,-0.006896551724137931,-0.35949763655662537,1.6769877672195435,0.0004073590220478904,0.5516483516483517,2025-02-13,0.00021643626157407409,25.667653,84.905629,2025-02-13
94.0,76.0,496.0,708.0,469.0,478.0,249.0,239.0,-0.13251155614852905,-0.1338665634393692,1.236842105263158,0.7655860185623169,1.8890633033347764e-05,0.10588235294117647,-0.32485875487327576,1.522955060005188,0.00028167538320773074,0.4952481520591341,2025-02-13,0.00021643626157407409,25.665634,84.909665,2025-02-13
93.0,81.0,529.0,730.0,476.0,478.0,238.0,235.0,-0.14628657698631287,-0.14614583551883698,1.1481481481481481,0.7739975452423096,5.506448611194672e-05,0.06896551724137931,-0.3389592170715332,1.2730283737182617,0.0001209965115359029,0.5129533678756477,2025-02-13,0.00021643626157407409,25.662593,84.917929,2025-02-13
94.0,88.0,463.0,692.0,450.0,468.0,228.0,198.0,-0.09709543734788895,-0.10089364647865295,1.0681818181818181,0.7608142495155334,0.00010091010109578334,0.03296703296703297,-0.3888888955116272,1.214889645576477,0.00010703220003328696,0.5550561797752809,2025-02-13,0.00021643626157407409,25.6606689999999,84.9270439999999,2025-02-13
123.0,101.0,542.0,730.0,470.0,495.0,252.0,250.0,-0.1436823159456253,-0.12345676124095917,1.2178217821782178,0.7116060853004456,1.439796836589914e-05,0.09821428571428571,-0.3055555522441864,1.214889645576477,6.790419667488144e-05,0.4897959183673469,2025-02-13,0.00021643626157407409,25.6602239999999,84.932079,2025-02-13
128.0,150.0,541.0,792.0,515.0,540.0,273.0,267.0,-0.11371468007564545,-0.10885725915431976,0.8533333333333334,0.7217391133308411,0.00018783225164447574,-0.07913669064748201,-0.3171355426311493,1.5810937881469727,0.0002491967447064332,0.49575070821529743,2025-02-13,0.00021643626157407409,25.698328,84.873416,2025-02-13
1456.0,1324.0,1102.0,1492.0,1686.0,1263.0,1142.0,1680.0,0.06076975166797638,0.1257232129573822,1.0996978851963746,0.012211669236421585,0.012901278987877242,0.04748201438848921,-0.001782531151548028,2.043191909790039,0.008870431944192568,-0.05926860025220681,2025-02-10,0.003790510972222222,25.549678,85.2816289999999,2025-02-14
109.0,113.0,585.0,712.0,530.0,557.0,145.0,74.0,-0.015408320352435112,-0.027841171249747276,0.9646017699115044,0.7344701290130615,0.0002034552757972621,-0.018018018018018018,-0.7549669146537781,2.043191909790039,0.0010507430097378052,0.811704834605598,2025-02-10,0.003790510972222222,25.509025,85.4261929999999,2025-02-14
117.0,114.0,368.0,536.0,388.0,442.0,139.0,131.0,0.005976095795631409,0.0018384666182100773,1.0263157894736843,0.6416538953781128,0.0012540217347285498,0.012987012987012988,-0.4951830506324768,1.522955060005188,0.00028453414018257835,0.6071964017991005,2025-02-10,0.003790510972222222,25.5089959999999,85.3287519999999,2025-02-14
142.0,135.0,521.0,673.0,468.0,511.0,162.0,169.0,-0.0615384615957737,-0.027848493307828903,1.0518518518518518,0.6515337228775024,0.003336289437528469,0.02527075812274368,-0.4693877696990967,2.043191909790039,0.0015273109711983048,0.5985748218527316,2025-02-10,0.003790510972222222,25.526976,85.292753,2025-02-14
1295.0,1243.0,1354.0,1472.0,1404.0,1097.0,1008.0,1395.0,-0.009177680127322674,0.13677093386650085,1.0418342719227676,0.06396819651126862,0.011415998215939492,0.02048857368006304,-0.003215434029698372,2.043191909790039,0.03614443296658285,0.026857342169515172,2025-02-10,0.003790510972222222,25.550184,85.2816179999999,2025-02-14
109.0,113.0,243.0,516.0,296.0,365.0,123.0,91.0,0.09607578068971634,-0.011799692176282406,0.9646017699115044,0.651199996471405,0.0004811173555773824,-0.018018018018018018,-0.5297157764434814,2.1972246170043945,0.002454437225085895,0.700164744645799,2025-02-10,0.003790510972222222,25.5101629999999,85.3183209999999,2025-02-14
188.0,164.0,648.0,741.0,508.0,573.0,285.0,225.0,-0.11281070858240128,-0.0757659450173378,1.146341463414634,0.5952637195587158,0.0002656066808768287,0.06818181818181818,-0.38608458638191223,1.7351264953613281,0.0004648147002978615,0.5341614906832298,2025-02-10,0.003790510972222222,25.564159,85.2813239999999,2025-02-14
125.0,117.0,457.0,604.0,355.0,378.0,215.0,199.0,-0.15492957830429077,-0.11911769211292267,1.0683760683760684,0.6570644974708557,0.000549332414880816,0.03305785123966942,-0.28158843517303467,1.7351264953613281,0.0004819379616967718,0.5043586550435866,2025-02-13,0.0007836196296296297,25.6148549999999,85.205431,2025-02-14
182.0,145.0,566.0,720.0,461.0,485.0,310.0,258.0,-0.12338104844093323,-0.12648309767246246,1.2551724137931035,0.5964523553848267,0.000838659089287683,0.11314984709480122,-0.28233659267425537,1.8891592025756836,0.000945119154957282,0.4723926380368098,2025-02-10,0.003790510972222222,25.599205,85.239029,2025-02-14
123.0,123.0,492.0,664.0,434.0,509.0,154.0,93.0,-0.024518389254808426,-0.02844822034239769,1.0,0.6874206066131592,4.5153533389038124e-05,0.0,-0.6470588445663452,1.3689223527908325,0.00022541966941178358,0.7542932628797886,2025-02-10,0.003790510972222222,25.559833,85.281874,2025-02-14
157.0,144.0,472.0,620.0,399.0,421.0,207.0,156.0,-0.06081081181764603,-0.09579925984144211,1.0902777777777777,0.5958815813064575,0.0004996374010320813,0.04318936877076412,-0.4378378391265869,2.1972246170043945,0.0017311734709935214,0.5979381443298969,2025-02-10,0.003790510972222222,25.5879289999999,85.256596,2025-02-14
119.0,176.0,439.0,632.0,421.0,423.0,226.0,217.0,-0.09698996692895889,-0.12128649652004242,0.6761363636363636,0.6830891966819763,0.0005975096334446385,-0.19322033898305085,-0.31974920630455017,1.2730283737182617,0.0005510761627878225,0.48881036513545345,2025-02-10,0.003790510972222222,25.595641,85.244999,2025-02-14
497.0,473.0,558.0,740.0,598.0,564.0,324.0,410.0,0.06156083196401596,0.1274394392967224,1.0507399577167018,0.19644300639629364,0.03640680127308845,0.024742268041237112,-0.1865079402923584,1.8891592025756836,0.06627181127860068,0.28695652173913044,2025-02-10,0.004790510972222222,25.488208,85.4511949999999,2025-02-15
122.0,125.0,408.0,595.0,410.0,487.0,236.0,202.0,-0.06830122321844101,-0.07662707567214966,0.976,0.65969318151474,0.001031932378722801,-0.012145748987854251,-0.33986929059028625,2.043191909790039,0.002657178469735245,0.493099121706399,2025-02-10,0.004790510972222222,25.508312,85.5460419999999,2025-02-15
101.0,99.0,472.0,626.0,410.0,585.0,282.0,239.0,-0.16366611421108246,-0.12951542437076569,1.02020202020202,0.7221457958221436,8.843020583200929e-05,0.01,-0.2634822726249695,1.8891592025756836,0.001745850797184133,0.44739884393063584,2025-02-10,0.004790510972222222,25.5309719999999,85.790941,2025-02-15
94.0,77.0,572.0,846.0,636.0,742.0,307.0,242.0,-0.05440414324402809,-0.05713523179292679,1.2207792207792207,0.800000011920929,0.0002359984713828922,0.09941520467836257,-0.4487471580505371,1.522955060005188,0.00016651288229200625,0.5551470588235294,2025-02-10,0.004790510972222222,25.4260979999999,85.930436,2025-02-15
85.0,80.0,508.0,742.0,582.0,705.0,319.0,297.0,-0.09375,-0.07693400233983994,1.0625,0.7944377064704895,3.1346139645431016e-05,0.030303030303030304,-0.3242320716381073,1.831020474433899,0.0005847751956020472,0.42829643888354185,2025-02-10,0.004790510972222222,25.3875819999999,85.97906,2025-02-15
641.0,735.0,691.0,816.0,742.0,927.0,702.0,623.0,0.025583982467651367,0.01616605371236801,0.8721088435374149,0.12010981142520905,0.020077930499512762,-0.06831395348837209,-0.08717948943376541,1.8891592025756836,0.0031540236790368417,0.1341209173036831,2025-02-10,0.004790510972222222,25.3746739999999,85.995631,2025-02-15
104.0,79.0,538.0,863.0,648.0,782.0,407.0,345.0,-0.08012232184410095,-0.1034710630774498,1.3164556962025316,0.7849017381668091,2.3872543765494452e-05,0.1366120218579235,-0.30513596534729004,1.214889645576477,0.00012284344068779084,0.4288079470198676,2025-02-10,0.004790510972222222,25.373483,85.9972649999999,2025-02-15
119.0,92.0,640.0,912.0,677.0,803.0,439.0,359.0,-0.11309192329645157,-0.14133308827877045,1.2934782608695652,0.7691561579704285,9.47909948697164e-06,0.12796208530805686,-0.30694979429244995,1.4270610809326172,0.00017922831375782877,0.43509047993705746,2025-02-10,0.004790510972222222,25.4951809999999,85.9035769999999,2025-02-15
235.0,153.0,588.0,788.0,603.0,788.0,605.0,544.0,-0.14923857152462006,-0.11264622211456299,1.5359477124183007,0.5405669808387756,0.00023122022035466157,0.211340206185567,-0.05143853649497032,2.043191909790039,0.0006362050348872913,0.1831831831831832,2025-02-20,0.0042094706944444445,25.3422799999999,86.1768,2025-02-16
248.0,177.0,530.0,792.0,594.0,762.0,491.0,488.0,-0.09462365508079529,-0.09034677594900131,1.4011299435028248,0.5230769515037537,0.00030164080363843167,0.16705882352941176,-0.09796673059463501,1.7351264953613281,0.0006374315045888492,0.2375,2025-02-20,0.0042094706944444445,25.370194,86.007637,2025-02-16
192.0,194.0,492.0,791.0,548.0,680.0,350.0,326.0,-0.05006418377161026,-0.025048065930604935,0.9896907216494846,0.609359085559845,3.18396720741829e-05,-0.0051813471502590676,-0.254004567861557,1.522955060005188,0.0002727524885358903,0.41629364368845123,2025-02-15,0.0007901379282407408,25.304109,86.104121,2025-02-16
188.0,155.0,575.0,789.0,542.0,578.0,367.0,338.0,-0.11138162016868591,-0.0986887589097023,1.2129032258064516,0.6151484251022339,3.2339142292355426e-05,0.09620991253644315,-0.23181818425655365,1.2730283737182617,9.246288951291081e-05,0.40017746228926354,2025-02-15,0.0017901379282407406,25.251505,86.724725,2025-02-17
4998.0,5082.0,2168.0,2556.0,3010.0,3611.0,3863.0,3825.0,0.14391829073429108,0.10657685995101929,0.9834710743801653,-0.3232724368572235,0.0025665422258330673,-0.008333333333333333,0.1192392110824585,1.4270610809326172,0.00041249984679379387,-0.19887165021156558,2025-02-20,0.0032093043055555553,26.351984,86.508526,2025-02-17
309.0,205.0,742.0,958.0,766.0,801.0,626.0,662.0,-0.13271480798721313,-0.14749163389205933,1.5073170731707317,0.5122336149215698,0.00023484056437646691,0.20233463035019456,-0.07282913476228714,1.6769877672195435,0.0005440941840234303,0.18271604938271604,2025-02-20,0.002209426851851852,25.30142,87.02491,2025-02-18
527.0,483.0,902.0,1088.0,883.0,977.0,840.0,838.0,-0.10476190596818924,-0.12314257770776749,1.0910973084886129,0.34736841917037964,0.0009966028341741812,0.04356435643564356,-0.026147589087486267,1.214889645576477,0.00010674658162668851,0.12980269989615784,2025-02-20,0.002209426851851852,25.26076,87.04979,2025-02-18
154.0,171.0,248.0,501.0,287.0,356.0,27.0,0.0,0.28011611104011536,0.23612695932388306,0.9005847953216374,0.5297709703445435,0.0001233745655806473,-0.052307692307692305,-1.0,2.043191909790039,0.006826388226232815,1.0,2025-02-17,0.0007972946296296295,25.261258,87.2239799999999,2025-02-18
228.0,160.0,733.0,838.0,629.0,695.0,492.0,418.0,-0.14641433954238892,-0.1055404543876648,1.425,0.5722326636314392,6.455935866809013e-05,0.17525773195876287,-0.2015281766653061,1.2730283737182617,0.00012640134538812988,0.3343949044585987,2025-02-20,0.0012094268518518519,25.3374339999999,87.2566779999999,2025-02-19
286.0,228.0,746.0,898.0,730.0,822.0,616.0,571.0,-0.12901842594146729,-0.10775219649076462,1.2543859649122806,0.5168918967247009,0.0030776701261125477,0.11284046692607004,-0.1222136840224266,1.6769877672195435,0.0002779637133836329,0.2226004084411164,2025-02-20,0.0012094268518518519,25.372184,87.337609,2025-02-19
333.0,252.0,844.0,1056.0,874.0,943.0,759.0,630.0,-0.09958970546722412,-0.10931189358234406,1.3214285714285714,0.5205183625221252,8.31344419560429e-05,0.13846153846153847,-0.16223403811454773,1.4270610809326172,0.0001508651985520082,0.2526690391459075,2025-02-20,0.0012094268518518519,25.410408,87.372579,2025-02-19
266.0,188.0,676.0,802.0,600.0,702.0,545.0,494.0,-0.14931237697601318,-0.11649986356496811,1.4148936170212767,0.5018726587295532,2.472378889844467e-05,0.17180616740088106,-0.09689214080572128,1.7351264953613281,0.0005479330421746346,0.23765432098765432,2025-02-20,0.0012094268518518519,25.394092,87.558856,2025-02-19
996.0,812.0,509.0,720.0,764.0,1074.0,1082.0,903.0,0.1097099632024765,0.08053340017795563,1.2266009852216748,-0.16083915531635284,0.008676479462395765,0.10176991150442478,0.08338332176208496,1.4270610809326172,0.0015526223318652966,-0.11275415896487985,2025-03-19,0.002236783275462963,30.503505,77.784876,2025-03-17
3502.0,3252.0,1260.0,1754.0,2264.0,2672.0,2712.0,2676.0,0.1886209100484848,0.1540149748325348,1.0768757687576875,-0.3325723111629486,0.003883667921443506,0.03701510216168197,0.08340080827474594,1.1490596532821655,0.00014283982758037876,-0.20812641083521444,2025-03-23,0.0022237015162037037,25.490301,80.309159,2025-03-21
3013.0,2764.0,1366.0,1706.0,2008.0,2215.0,1950.0,2062.0,0.18854302167892456,0.17882318794727325,1.0900868306801736,-0.276965469121933,0.006196048320064281,0.04310195603254284,0.013267813250422478,2.1972246170043945,0.003492954137105746,-0.09447983014861996,2025-05-27,0.012223453888888888,25.703884,80.315708,2025-05-15
1000.0,842.0,1052.0,1432.0,1094.0,1471.0,1056.0,687.0,0.09261675179004669,0.05048291012644768,1.187648456057007,0.17763157188892365,0.01244329998619869,0.08577633007600434,-0.22852329909801483,2.043191909790039,0.0014639299271815348,0.3515809344030203,2025-05-27,0.004769517858796296,26.658876,77.908561,2025-06-01
3418.0,2506.0,581.0,997.0,1323.0,1860.0,2256.0,2796.0,0.16802167892456055,0.1871691644191742,1.363926576217079,-0.5483578443527222,0.001537496281549089,0.15395003376097233,0.3576110601425171,2.1972246170043945,0.0030278177139069834,-0.4742947534932771,2025-06-06,0.0042235681365740746,24.94908,81.506613,2025-06-02
736.0,575.0,796.0,999.0,838.0,981.0,849.0,600.0,0.059932660311460495,0.09278233349323273,1.28,0.15158501267433167,0.0018671076113425573,0.12280701754385964,-0.16550764441490173,1.8891592025756836,0.0005973833871704075,0.24953095684803,2025-06-11,0.0027761590625000002,25.0073521,80.2360685,2025-06-14
931.0,664.0,1168.0,1082.0,890.0,1307.0,1511.0,1126.0,-0.11494532227516174,-0.14177902042865753,1.4021084337349397,0.07501241564750671,0.01768557728848782,0.16739811912225705,0.1170634925365448,1.831020474433899,0.0011287385718325345,-0.019927536231884056,2025-10-24,0.0007764319675925925,24.956509,81.48905,2025-10-25
1746.0,1523.0,1154.0,1504.0,1722.0,1736.0,1637.0,2157.0,0.023159757256507874,0.053654178977012634,1.1464215364412345,-0.07446154206991196,0.009146354094013697,0.06821657999388192,0.11214230209589005,2.043191909790039,0.002180893487227032,-0.178366566511882,2025-11-13,0.0017766034375,25.746567,80.453335,2025-11-15
1433.0,1015.0,384.0,512.0,530.0,843.0,1461.0,2138.0,-0.1246376782655716,-0.10776277631521225,1.4118226600985222,-0.4735218584537506,0.0009382267058009535,0.1707516339869281,0.6026986241340637,2.1972246170043945,0.0023062785532102443,-0.6135849056603774,2025-12-12,0.0007547948032407408,21.273833,73.504573,2025-12-13
